Strategy,Effectiveness_Score,Implementation_Difficulty,Time_to_Results_Weeks,Cost_Level,Primary_Platform_Impact
High-Quality Content Creation,95,7,8,3,All AI Platforms
Structured Data Implementation,88,8,12,4,"ChatGPT, Perplexity"
Brand Mention Building,92,6,16,2,All AI Platforms
Authority Site Citations,85,9,20,4,"ChatGPT, Claude"
Q&A Content Format,90,5,6,2,"ChatGPT, Gemini"
Statistics & Data Integration,87,6,10,3,"Perplexity, ChatGPT"
Expert Quotes & Sources,83,7,8,3,All AI Platforms
Long-form Comprehensive Articles,89,8,12,4,All AI Platforms
Natural Language Optimization,91,6,10,3,All AI Platforms
Technical SEO Foundation,82,9,14,5,All AI Platforms
Social Media Presence,78,4,4,2,"Claude, Gemini"
Review Generation,80,5,8,2,All AI Platforms
Community Engagement,85,6,12,2,"ChatGPT, Perplexity"
Influencer Partnerships,84,7,16,4,All AI Platforms
PR & Media Coverage,86,8,18,5,All AI Platforms
